,respondent 0,respondent 1,respondent 2,respondent 3,respondent 4,respondent 5,respondent 6,respondent 7,respondent 8,respondent 9,respondent 10,respondent 11,respondent 12,respondent 13,respondent 14,respondent 15,respondent 16,respondent 17,respondent 18,respondent 19,respondent 20,respondent 21,respondent 22,respondent 23,respondent 24,respondent 25,respondent 26,respondent 27,respondent 28,respondent 29,respondent 30,respondent 31,respondent 32,respondent 33,respondent 34,respondent 35,respondent 36,respondent 37,respondent 38,respondent 39,respondent 40,respondent 41,respondent 42,respondent 43,respondent 44,respondent 45,respondent 46,respondent 47,respondent 48,respondent 49,respondent 50,respondent 51,respondent 52,respondent 53,respondent 54,respondent 55,respondent 56,respondent 57,respondent 58,respondent 59,respondent 60,respondent 61,respondent 62,respondent 63,respondent 64,respondent 65,respondent 66,respondent 67,respondent 68,respondent 69,respondent 70,respondent 71,respondent 72,respondent 73,respondent 74,respondent 75,respondent 76,respondent 77,respondent 78,respondent 79,respondent 80,respondent 81,respondent 82,respondent 83,respondent 84,respondent 85,respondent 86,respondent 87,respondent 88,respondent 89,respondent 90,respondent 91,respondent 92,respondent 93,respondent 94,respondent 95,respondent 96,respondent 97,respondent 98,respondent 99,respondent 100,respondent 101,respondent 102,respondent 103,respondent 104,respondent 105,respondent 106,respondent 107,respondent 108,respondent 109,respondent 110,respondent 111,respondent 112,respondent 113,respondent 114,respondent 115,respondent 116,respondent 117,respondent 118,respondent 119,respondent 120,respondent 121,respondent 122,respondent 123,respondent 124,respondent 125,respondent 126,respondent 127,respondent 128,respondent 129,respondent 130,respondent 131,respondent 132,respondent 133,respondent 134,respondent 135,respondent 136,respondent 137,respondent 138,respondent 139,respondent 140,respondent 141,respondent 142,respondent 143,respondent 144,respondent 145,respondent 146,respondent 147,respondent 148,respondent 149,respondent 150,respondent 151,respondent 152,respondent 153,respondent 154,respondent 155,respondent 156,respondent 157,respondent 158,respondent 159,respondent 160,respondent 161,respondent 162,respondent 163,respondent 164,respondent 165,respondent 166,respondent 167,respondent 168,respondent 169,respondent 170,respondent 171,respondent 172,respondent 173,respondent 174,respondent 175,respondent 176,respondent 177,respondent 178,respondent 179,respondent 180,respondent 181,respondent 182,respondent 183,respondent 184,respondent 185,respondent 186,respondent 187,respondent 188,respondent 189,respondent 190,respondent 191,respondent 192,respondent 193,respondent 194,respondent 195,respondent 196,respondent 197,respondent 198,respondent 199,respondent 200,respondent 201,respondent 202,respondent 203,respondent 204,respondent 205,respondent 206,respondent 207,respondent 208,respondent 209,respondent 210,respondent 211,respondent 212,respondent 213,respondent 214,respondent 215,respondent 216,respondent 217,respondent 218,respondent 219,respondent 220,respondent 221,respondent 222,respondent 223,respondent 224,respondent 225,respondent 226,respondent 227,respondent 228,respondent 229,respondent 230,respondent 231,respondent 232,respondent 233,respondent 234,respondent 235,respondent 236,respondent 237,respondent 238,respondent 239,respondent 240,respondent 241,std,mean,nonmissing
chicken,4.0,3.0,3.0,2.0,5.0,4.0,3.0,4.0,5.0,2.0,3.0,4.0,5.0,4.0,4.0,2.0,4.0,5.0,2.0,4.0,3.0,5.0,3.0,5.0,5.0,4.0,3.0,5.0,4.0,5.0,4.0,4.0,5.0,5.0,5.0,2.0,2.0,3.0,5.0,5.0,5.0,4.0,4.0,4.0,4.0,5.0,5.0,3.0,3.0,5.0,4.0,3.0,2.0,4.0,4.0,5.0,5.0,3.0,3.0,5.0,5.0,2.0,3.0,4.0,5.0,3.0,4.0,5.0,5.0,4.0,4.0,5.0,5.0,5.0,5.0,5.0,2.0,3.0,5.0,3.0,1.0,5.0,5.0,3.0,3.0,4.0,5.0,2.0,4.0,5.0,1.0,5.0,5.0,5.0,4.0,5.0,3.0,5.0,5.0,5.0,2.0,4.0,4.0,5.0,5.0,5.0,3.0,5.0,2.0,4.0,5.0,5.0,4.0,5.0,5.0,4.0,3.0,3.0,4.0,5.0,4.0,3.0,4.0,4.0,5.0,4.0,3.0,5.0,4.0,5.0,3.0,5.0,4.0,5.0,5.0,2.0,5.0,4.0,4.0,5.0,4.0,5.0,5.0,5.0,5.0,5.0,5.0,4.0,4.0,3.0,,5.0,4.0,4.0,4.0,3.0,4.0,5.0,5.0,4.0,3.0,3.0,3.0,1.0,4.0,5.0,5.0,2.0,5.0,4.0,5.0,5.0,5.0,3.0,3.0,4.0,4.0,4.0,2.0,4.0,3.0,5.0,3.0,5.0,5.0,2.0,3.0,4.0,4.0,4.0,4.0,4.0,5.0,3.0,4.0,4.0,3.0,4.0,5.0,2.0,3.0,5.0,5.0,5.0,3.0,3.0,4.0,5.0,3.0,1.0,3.0,5.0,4.0,3.0,5.0,4.0,4.0,4.0,2.0,3.0,5.0,5.0,5.0,4.0,3.0,5.0,2.0,5.0,3.0,3.0,5.0,4.0,4.0,2.0,4.0,4.0,2.0,4.0,3.0,5.0,4.0,5.0,1.0440008425935774,3.95850622406639,241
crow,5.0,4.0,5.0,5.0,5.0,5.0,3.0,4.0,4.0,5.0,5.0,5.0,5.0,4.0,5.0,5.0,5.0,5.0,5.0,5.0,5.0,5.0,4.0,5.0,5.0,4.0,3.0,5.0,4.0,5.0,5.0,5.0,5.0,5.0,5.0,5.0,4.0,5.0,5.0,5.0,3.0,5.0,5.0,4.0,5.0,5.0,4.0,5.0,5.0,5.0,5.0,5.0,3.0,5.0,4.0,5.0,5.0,5.0,5.0,5.0,5.0,5.0,1.0,5.0,5.0,5.0,5.0,5.0,5.0,5.0,5.0,5.0,5.0,5.0,4.0,5.0,5.0,5.0,5.0,5.0,5.0,5.0,5.0,5.0,5.0,4.0,5.0,2.0,,5.0,4.0,3.0,5.0,5.0,4.0,5.0,5.0,5.0,5.0,5.0,4.0,5.0,5.0,5.0,5.0,5.0,5.0,5.0,4.0,4.0,5.0,5.0,5.0,5.0,5.0,3.0,5.0,3.0,5.0,3.0,5.0,3.0,5.0,5.0,5.0,5.0,4.0,5.0,5.0,5.0,5.0,5.0,5.0,5.0,5.0,5.0,5.0,5.0,5.0,5.0,5.0,5.0,5.0,5.0,5.0,4.0,5.0,5.0,5.0,5.0,5.0,5.0,5.0,4.0,5.0,3.0,5.0,5.0,5.0,5.0,5.0,5.0,4.0,3.0,5.0,5.0,5.0,1.0,5.0,5.0,5.0,5.0,5.0,5.0,5.0,5.0,5.0,4.0,5.0,4.0,5.0,5.0,5.0,5.0,5.0,4.0,5.0,5.0,5.0,5.0,5.0,5.0,5.0,5.0,5.0,5.0,5.0,5.0,5.0,5.0,5.0,5.0,5.0,5.0,1.0,5.0,,5.0,5.0,3.0,5.0,5.0,5.0,5.0,5.0,5.0,5.0,4.0,2.0,4.0,5.0,5.0,5.0,4.0,5.0,5.0,5.0,5.0,5.0,5.0,5.0,5.0,5.0,5.0,5.0,5.0,4.0,5.0,5.0,4.0,5.0,4.0,0.716791530104123,4.695833333333334,240
dove,4.0,5.0,5.0,4.0,5.0,5.0,3.0,2.0,5.0,4.0,5.0,5.0,5.0,5.0,5.0,5.0,5.0,5.0,5.0,5.0,4.0,4.0,4.0,5.0,5.0,4.0,3.0,5.0,3.0,5.0,5.0,5.0,5.0,5.0,5.0,5.0,5.0,5.0,5.0,4.0,3.0,5.0,5.0,4.0,3.0,5.0,5.0,5.0,5.0,3.0,4.0,5.0,4.0,5.0,5.0,5.0,5.0,5.0,2.0,5.0,5.0,5.0,1.0,5.0,4.0,5.0,3.0,5.0,4.0,5.0,5.0,5.0,5.0,5.0,5.0,5.0,5.0,5.0,5.0,4.0,4.0,5.0,5.0,5.0,5.0,4.0,5.0,3.0,5.0,5.0,5.0,5.0,4.0,5.0,5.0,5.0,5.0,5.0,5.0,5.0,5.0,5.0,5.0,4.0,4.0,5.0,5.0,1.0,4.0,5.0,5.0,5.0,5.0,,5.0,3.0,5.0,3.0,5.0,4.0,5.0,4.0,5.0,5.0,5.0,4.0,5.0,5.0,5.0,5.0,4.0,5.0,5.0,5.0,5.0,2.0,5.0,5.0,4.0,5.0,3.0,5.0,5.0,5.0,5.0,5.0,5.0,5.0,5.0,5.0,2.0,5.0,5.0,5.0,5.0,3.0,4.0,5.0,5.0,5.0,5.0,5.0,5.0,1.0,5.0,5.0,5.0,1.0,4.0,5.0,5.0,5.0,4.0,5.0,5.0,4.0,5.0,4.0,5.0,4.0,4.0,5.0,5.0,5.0,5.0,4.0,5.0,5.0,4.0,5.0,5.0,5.0,5.0,4.0,5.0,5.0,5.0,5.0,5.0,5.0,5.0,5.0,5.0,5.0,1.0,5.0,4.0,5.0,5.0,3.0,4.0,5.0,5.0,5.0,5.0,5.0,4.0,4.0,1.0,5.0,5.0,5.0,5.0,4.0,5.0,5.0,5.0,5.0,5.0,5.0,4.0,5.0,5.0,5.0,5.0,5.0,5.0,5.0,5.0,5.0,5.0,5.0,0.8683779253874078,4.572614107883817,241
duck,3.0,5.0,4.0,2.0,5.0,3.0,2.0,3.0,5.0,4.0,4.0,5.0,5.0,5.0,4.0,2.0,5.0,5.0,2.0,5.0,3.0,5.0,4.0,5.0,5.0,4.0,3.0,5.0,4.0,4.0,4.0,5.0,5.0,5.0,5.0,2.0,3.0,3.0,,5.0,5.0,4.0,5.0,4.0,4.0,5.0,5.0,4.0,4.0,3.0,3.0,3.0,3.0,5.0,4.0,4.0,5.0,4.0,3.0,5.0,5.0,3.0,1.0,3.0,5.0,3.0,2.0,5.0,5.0,4.0,5.0,5.0,5.0,5.0,5.0,5.0,5.0,3.0,5.0,4.0,5.0,5.0,5.0,5.0,4.0,4.0,5.0,1.0,4.0,5.0,2.0,5.0,5.0,5.0,4.0,5.0,4.0,4.0,5.0,5.0,4.0,5.0,4.0,5.0,5.0,5.0,3.0,5.0,3.0,4.0,5.0,5.0,4.0,5.0,5.0,4.0,4.0,3.0,5.0,4.0,4.0,3.0,5.0,5.0,5.0,4.0,4.0,4.0,5.0,5.0,5.0,5.0,3.0,5.0,5.0,5.0,5.0,4.0,5.0,5.0,5.0,5.0,3.0,5.0,5.0,4.0,4.0,5.0,4.0,5.0,4.0,5.0,5.0,4.0,3.0,3.0,5.0,5.0,5.0,4.0,4.0,4.0,4.0,1.0,5.0,4.0,5.0,2.0,5.0,5.0,5.0,5.0,5.0,5.0,4.0,4.0,5.0,4.0,5.0,4.0,3.0,5.0,5.0,5.0,5.0,1.0,3.0,5.0,4.0,5.0,5.0,4.0,5.0,5.0,3.0,5.0,5.0,5.0,4.0,2.0,4.0,5.0,5.0,5.0,3.0,3.0,4.0,5.0,3.0,1.0,4.0,5.0,5.0,5.0,5.0,3.0,4.0,4.0,2.0,4.0,5.0,5.0,5.0,5.0,4.0,4.0,,5.0,4.0,5.0,5.0,5.0,5.0,3.0,4.0,4.0,3.0,4.0,4.0,5.0,4.0,5.0,0.978713469708068,4.233333333333333,240
flamingo,2.0,4.0,2.0,1.0,4.0,3.0,2.0,2.0,3.0,3.0,3.0,4.0,5.0,3.0,4.0,3.0,1.0,5.0,3.0,5.0,3.0,2.0,2.0,4.0,3.0,3.0,2.0,5.0,1.0,3.0,5.0,3.0,2.0,5.0,2.0,4.0,2.0,2.0,3.0,2.0,2.0,3.0,4.0,3.0,3.0,4.0,3.0,4.0,4.0,2.0,2.0,2.0,2.0,3.0,3.0,3.0,5.0,5.0,3.0,4.0,4.0,3.0,3.0,3.0,2.0,3.0,1.0,3.0,5.0,4.0,3.0,5.0,5.0,5.0,5.0,5.0,5.0,3.0,4.0,2.0,5.0,5.0,4.0,5.0,3.0,4.0,4.0,4.0,4.0,5.0,3.0,1.0,5.0,5.0,4.0,5.0,4.0,3.0,4.0,4.0,5.0,5.0,4.0,5.0,5.0,3.0,3.0,4.0,3.0,3.0,3.0,5.0,3.0,5.0,4.0,3.0,3.0,3.0,4.0,3.0,3.0,1.0,4.0,3.0,5.0,2.0,3.0,3.0,5.0,5.0,4.0,5.0,2.0,5.0,5.0,3.0,5.0,5.0,3.0,5.0,4.0,3.0,2.0,5.0,5.0,3.0,1.0,2.0,4.0,4.0,3.0,3.0,4.0,3.0,2.0,2.0,1.0,4.0,1.0,3.0,1.0,2.0,3.0,4.0,2.0,5.0,5.0,2.0,4.0,4.0,3.0,2.0,4.0,5.0,4.0,3.0,5.0,3.0,5.0,4.0,2.0,5.0,3.0,3.0,5.0,3.0,3.0,4.0,4.0,3.0,5.0,2.0,5.0,1.0,3.0,4.0,4.0,5.0,4.0,2.0,3.0,4.0,3.0,2.0,3.0,4.0,4.0,2.0,2.0,3.0,3.0,3.0,3.0,2.0,2.0,2.0,2.0,4.0,2.0,3.0,5.0,5.0,5.0,3.0,3.0,3.0,3.0,5.0,3.0,4.0,3.0,4.0,3.0,4.0,4.0,4.0,1.0,4.0,2.0,3.0,3.0,2.0,1.151774044897242,3.3925619834710745,242
gull,2.0,5.0,5.0,2.0,4.0,4.0,3.0,4.0,4.0,4.0,5.0,,5.0,4.0,5.0,5.0,4.0,5.0,5.0,,4.0,2.0,4.0,5.0,5.0,4.0,4.0,5.0,1.0,4.0,5.0,5.0,3.0,5.0,4.0,4.0,4.0,5.0,5.0,4.0,4.0,5.0,5.0,5.0,4.0,5.0,4.0,5.0,5.0,3.0,3.0,3.0,4.0,4.0,4.0,4.0,5.0,5.0,5.0,5.0,5.0,5.0,1.0,5.0,4.0,4.0,4.0,4.0,5.0,5.0,5.0,5.0,5.0,5.0,5.0,5.0,5.0,4.0,5.0,5.0,4.0,5.0,5.0,5.0,4.0,4.0,4.0,2.0,4.0,5.0,2.0,3.0,5.0,5.0,5.0,5.0,5.0,2.0,5.0,5.0,5.0,5.0,5.0,5.0,5.0,5.0,5.0,4.0,4.0,4.0,4.0,5.0,4.0,5.0,5.0,3.0,3.0,3.0,5.0,3.0,4.0,4.0,5.0,5.0,5.0,4.0,5.0,4.0,5.0,5.0,4.0,3.0,4.0,5.0,5.0,3.0,5.0,5.0,3.0,5.0,5.0,5.0,4.0,5.0,5.0,5.0,1.0,4.0,5.0,5.0,4.0,5.0,5.0,5.0,4.0,3.0,4.0,5.0,5.0,5.0,2.0,5.0,3.0,1.0,5.0,5.0,5.0,1.0,4.0,4.0,5.0,5.0,2.0,5.0,5.0,5.0,5.0,3.0,5.0,4.0,4.0,5.0,5.0,5.0,5.0,4.0,5.0,5.0,5.0,5.0,5.0,4.0,5.0,3.0,4.0,5.0,5.0,5.0,5.0,5.0,5.0,5.0,5.0,5.0,1.0,5.0,4.0,4.0,5.0,3.0,3.0,5.0,5.0,5.0,5.0,4.0,2.0,4.0,2.0,5.0,5.0,5.0,5.0,3.0,5.0,5.0,4.0,5.0,5.0,5.0,5.0,5.0,5.0,5.0,5.0,5.0,4.0,5.0,5.0,4.0,5.0,3.0,0.9759932179612089,4.3375,240
hawk,4.0,2.0,5.0,4.0,5.0,5.0,2.0,4.0,2.0,4.0,4.0,5.0,5.0,4.0,5.0,5.0,4.0,5.0,3.0,5.0,5.0,2.0,3.0,5.0,5.0,3.0,3.0,5.0,2.0,4.0,5.0,5.0,5.0,5.0,3.0,4.0,3.0,5.0,5.0,1.0,3.0,5.0,4.0,4.0,2.0,4.0,3.0,5.0,4.0,4.0,4.0,4.0,2.0,4.0,3.0,4.0,5.0,5.0,5.0,4.0,4.0,4.0,2.0,5.0,3.0,4.0,2.0,3.0,3.0,5.0,5.0,5.0,4.0,5.0,5.0,5.0,5.0,4.0,5.0,3.0,5.0,5.0,5.0,5.0,4.0,4.0,5.0,1.0,5.0,5.0,3.0,3.0,2.0,5.0,5.0,4.0,2.0,2.0,5.0,5.0,5.0,5.0,4.0,5.0,4.0,5.0,5.0,3.0,4.0,3.0,4.0,5.0,4.0,5.0,4.0,2.0,2.0,3.0,5.0,3.0,4.0,2.0,4.0,5.0,4.0,3.0,5.0,4.0,5.0,5.0,4.0,3.0,4.0,5.0,5.0,3.0,5.0,5.0,5.0,5.0,1.0,5.0,3.0,5.0,5.0,5.0,5.0,3.0,5.0,5.0,3.0,4.0,5.0,5.0,4.0,2.0,4.0,5.0,5.0,3.0,1.0,5.0,3.0,1.0,4.0,5.0,5.0,1.0,4.0,5.0,3.0,3.0,2.0,5.0,5.0,4.0,5.0,4.0,4.0,4.0,3.0,4.0,4.0,5.0,5.0,4.0,5.0,5.0,4.0,5.0,5.0,2.0,5.0,2.0,5.0,5.0,5.0,5.0,5.0,4.0,4.0,5.0,4.0,5.0,1.0,4.0,5.0,5.0,5.0,3.0,4.0,5.0,5.0,5.0,5.0,3.0,3.0,4.0,2.0,5.0,5.0,5.0,5.0,2.0,5.0,3.0,4.0,5.0,4.0,5.0,5.0,5.0,4.0,5.0,4.0,5.0,2.0,5.0,4.0,4.0,5.0,3.0,1.114204929571506,4.0578512396694215,242
kiwi,3.0,3.0,4.0,2.0,3.0,2.0,1.0,1.0,3.0,1.0,3.0,4.0,5.0,3.0,2.0,2.0,1.0,4.0,4.0,,2.0,1.0,1.0,5.0,2.0,2.0,1.0,3.0,1.0,2.0,4.0,3.0,2.0,2.0,1.0,4.0,2.0,1.0,4.0,1.0,3.0,3.0,4.0,3.0,3.0,3.0,2.0,2.0,2.0,1.0,,2.0,,3.0,1.0,2.0,5.0,3.0,4.0,2.0,2.0,5.0,2.0,1.0,1.0,2.0,2.0,3.0,4.0,1.0,1.0,5.0,2.0,3.0,4.0,5.0,3.0,2.0,3.0,1.0,2.0,5.0,5.0,2.0,2.0,,3.0,3.0,3.0,5.0,1.0,1.0,2.0,5.0,2.0,3.0,2.0,2.0,4.0,3.0,1.0,4.0,2.0,4.0,4.0,2.0,3.0,2.0,1.0,1.0,1.0,5.0,1.0,5.0,1.0,3.0,2.0,3.0,3.0,1.0,1.0,1.0,4.0,4.0,2.0,1.0,3.0,2.0,4.0,5.0,3.0,2.0,3.0,3.0,5.0,1.0,5.0,1.0,3.0,5.0,1.0,2.0,3.0,5.0,,3.0,3.0,2.0,5.0,3.0,1.0,2.0,1.0,2.0,2.0,2.0,1.0,2.0,1.0,1.0,1.0,2.0,1.0,4.0,3.0,3.0,5.0,4.0,1.0,3.0,1.0,2.0,2.0,5.0,,3.0,3.0,2.0,3.0,4.0,1.0,5.0,1.0,2.0,5.0,,2.0,2.0,2.0,2.0,4.0,2.0,5.0,1.0,2.0,3.0,3.0,4.0,5.0,1.0,1.0,,3.0,,3.0,2.0,4.0,1.0,2.0,1.0,3.0,2.0,1.0,2.0,1.0,2.0,1.0,4.0,4.0,3.0,5.0,5.0,5.0,1.0,2.0,1.0,3.0,4.0,2.0,1.0,2.0,5.0,2.0,,2.0,1.0,1.0,1.0,1.0,1.0,2.0,,1.3172329249532293,2.554112554112554,231
lark,5.0,2.0,5.0,5.0,5.0,4.0,2.0,5.0,5.0,5.0,4.0,4.0,5.0,4.0,5.0,4.0,4.0,5.0,5.0,,5.0,2.0,1.0,5.0,3.0,4.0,3.0,2.0,,5.0,5.0,5.0,3.0,,5.0,5.0,5.0,4.0,5.0,1.0,4.0,5.0,5.0,5.0,5.0,5.0,3.0,5.0,4.0,2.0,3.0,3.0,3.0,4.0,3.0,5.0,3.0,5.0,3.0,5.0,5.0,5.0,1.0,5.0,2.0,5.0,5.0,3.0,5.0,5.0,4.0,2.0,3.0,4.0,5.0,5.0,5.0,5.0,4.0,4.0,,5.0,5.0,5.0,5.0,4.0,5.0,3.0,5.0,5.0,4.0,,4.0,5.0,5.0,5.0,5.0,3.0,5.0,4.0,5.0,4.0,4.0,5.0,4.0,5.0,5.0,2.0,4.0,5.0,5.0,5.0,5.0,5.0,5.0,2.0,4.0,3.0,5.0,4.0,5.0,2.0,4.0,5.0,5.0,3.0,3.0,5.0,5.0,,4.0,3.0,3.0,5.0,5.0,5.0,5.0,5.0,5.0,5.0,2.0,5.0,4.0,5.0,4.0,5.0,3.0,4.0,5.0,5.0,4.0,5.0,5.0,5.0,5.0,3.0,4.0,5.0,5.0,5.0,4.0,5.0,1.0,,5.0,4.0,5.0,1.0,4.0,3.0,3.0,2.0,1.0,5.0,5.0,2.0,5.0,4.0,4.0,4.0,3.0,3.0,5.0,5.0,5.0,4.0,4.0,5.0,5.0,5.0,5.0,4.0,5.0,2.0,5.0,5.0,5.0,5.0,5.0,5.0,5.0,5.0,5.0,5.0,1.0,5.0,5.0,5.0,5.0,3.0,4.0,5.0,5.0,5.0,5.0,5.0,2.0,4.0,1.0,5.0,5.0,,5.0,,5.0,5.0,,5.0,5.0,5.0,4.0,5.0,5.0,5.0,5.0,5.0,3.0,5.0,4.0,4.0,5.0,4.0,1.1037736029603302,4.232758620689655,232
ostrich,4.0,3.0,3.0,2.0,3.0,3.0,2.0,2.0,4.0,1.0,3.0,,5.0,3.0,3.0,2.0,1.0,3.0,3.0,3.0,3.0,2.0,2.0,5.0,2.0,2.0,1.0,5.0,1.0,2.0,4.0,3.0,3.0,4.0,3.0,1.0,2.0,1.0,3.0,3.0,2.0,3.0,4.0,2.0,2.0,4.0,3.0,3.0,2.0,3.0,3.0,2.0,2.0,3.0,3.0,2.0,5.0,3.0,4.0,3.0,3.0,4.0,4.0,3.0,1.0,2.0,2.0,4.0,5.0,4.0,2.0,5.0,5.0,5.0,3.0,4.0,3.0,2.0,3.0,2.0,3.0,5.0,5.0,3.0,3.0,4.0,3.0,3.0,4.0,5.0,4.0,2.0,4.0,5.0,4.0,5.0,3.0,3.0,4.0,4.0,1.0,5.0,4.0,5.0,5.0,3.0,1.0,3.0,1.0,2.0,4.0,5.0,2.0,5.0,3.0,3.0,3.0,3.0,2.0,2.0,2.0,1.0,4.0,3.0,5.0,4.0,2.0,2.0,5.0,5.0,5.0,5.0,2.0,4.0,5.0,3.0,5.0,4.0,2.0,5.0,3.0,2.0,2.0,5.0,5.0,4.0,4.0,2.0,4.0,3.0,2.0,3.0,4.0,3.0,3.0,3.0,3.0,2.0,1.0,4.0,1.0,2.0,5.0,1.0,1.0,5.0,5.0,2.0,4.0,3.0,5.0,3.0,3.0,5.0,2.0,3.0,3.0,2.0,5.0,4.0,1.0,5.0,2.0,3.0,5.0,1.0,3.0,2.0,4.0,4.0,5.0,3.0,5.0,1.0,3.0,3.0,4.0,4.0,5.0,1.0,2.0,3.0,3.0,2.0,4.0,3.0,3.0,1.0,2.0,1.0,3.0,2.0,1.0,4.0,1.0,2.0,2.0,4.0,3.0,3.0,5.0,5.0,5.0,3.0,3.0,3.0,2.0,5.0,2.0,2.0,5.0,4.0,2.0,4.0,2.0,4.0,1.0,4.0,1.0,2.0,3.0,2.0,1.2456702329203968,3.103734439834025,241
parakeet,5.0,5.0,5.0,3.0,5.0,5.0,2.0,3.0,3.0,3.0,5.0,5.0,5.0,4.0,5.0,5.0,5.0,5.0,5.0,5.0,4.0,3.0,2.0,5.0,5.0,3.0,3.0,5.0,4.0,5.0,5.0,4.0,5.0,5.0,4.0,5.0,5.0,4.0,5.0,3.0,5.0,5.0,5.0,4.0,5.0,5.0,4.0,5.0,5.0,4.0,4.0,4.0,4.0,4.0,3.0,5.0,5.0,5.0,2.0,5.0,5.0,5.0,2.0,5.0,3.0,5.0,3.0,4.0,4.0,5.0,4.0,5.0,5.0,5.0,5.0,5.0,,5.0,4.0,3.0,5.0,5.0,5.0,5.0,4.0,4.0,5.0,2.0,4.0,5.0,2.0,3.0,5.0,5.0,5.0,4.0,5.0,4.0,5.0,3.0,4.0,5.0,5.0,5.0,4.0,5.0,5.0,5.0,4.0,3.0,3.0,5.0,5.0,5.0,5.0,3.0,5.0,3.0,5.0,4.0,5.0,3.0,4.0,5.0,5.0,4.0,4.0,4.0,5.0,5.0,5.0,4.0,3.0,5.0,5.0,5.0,5.0,5.0,5.0,5.0,4.0,5.0,4.0,5.0,5.0,5.0,3.0,4.0,4.0,4.0,4.0,4.0,5.0,4.0,5.0,2.0,2.0,5.0,5.0,4.0,5.0,4.0,3.0,1.0,4.0,5.0,5.0,2.0,4.0,5.0,4.0,3.0,4.0,5.0,4.0,4.0,5.0,3.0,5.0,4.0,3.0,5.0,5.0,5.0,5.0,4.0,4.0,5.0,5.0,5.0,5.0,3.0,5.0,4.0,5.0,5.0,4.0,5.0,5.0,5.0,5.0,5.0,4.0,4.0,2.0,5.0,5.0,5.0,5.0,3.0,4.0,5.0,4.0,5.0,4.0,4.0,1.0,4.0,2.0,3.0,5.0,5.0,5.0,5.0,4.0,2.0,4.0,5.0,5.0,5.0,5.0,5.0,5.0,4.0,4.0,5.0,4.0,5.0,4.0,3.0,4.0,3.0,0.9266494023089027,4.2946058091286305,241
penguin,3.0,5.0,2.0,2.0,3.0,2.0,3.0,1.0,2.0,2.0,2.0,,5.0,2.0,3.0,1.0,1.0,3.0,2.0,3.0,4.0,2.0,2.0,5.0,3.0,2.0,2.0,5.0,1.0,3.0,2.0,3.0,5.0,2.0,2.0,1.0,2.0,1.0,2.0,4.0,4.0,2.0,4.0,2.0,1.0,3.0,4.0,2.0,3.0,3.0,2.0,2.0,1.0,2.0,1.0,3.0,5.0,3.0,2.0,4.0,4.0,2.0,4.0,1.0,1.0,2.0,3.0,1.0,5.0,3.0,1.0,5.0,5.0,4.0,2.0,5.0,2.0,2.0,3.0,1.0,2.0,5.0,1.0,2.0,1.0,4.0,3.0,2.0,2.0,5.0,3.0,1.0,3.0,5.0,3.0,4.0,2.0,2.0,4.0,4.0,1.0,5.0,3.0,5.0,5.0,1.0,2.0,4.0,2.0,1.0,3.0,5.0,2.0,5.0,4.0,3.0,3.0,3.0,3.0,2.0,2.0,2.0,4.0,4.0,3.0,2.0,2.0,2.0,3.0,1.0,4.0,5.0,2.0,3.0,4.0,3.0,5.0,4.0,3.0,5.0,3.0,3.0,2.0,5.0,3.0,3.0,2.0,3.0,4.0,1.0,3.0,3.0,3.0,3.0,1.0,3.0,1.0,2.0,1.0,2.0,1.0,4.0,2.0,5.0,1.0,3.0,5.0,4.0,3.0,3.0,2.0,2.0,3.0,5.0,1.0,3.0,3.0,3.0,5.0,4.0,1.0,5.0,1.0,3.0,5.0,1.0,2.0,2.0,4.0,2.0,3.0,2.0,5.0,1.0,2.0,1.0,3.0,4.0,4.0,1.0,2.0,3.0,2.0,1.0,3.0,2.0,2.0,1.0,1.0,1.0,2.0,3.0,1.0,4.0,1.0,1.0,2.0,4.0,3.0,2.0,5.0,3.0,5.0,3.0,2.0,1.0,2.0,3.0,1.0,2.0,3.0,3.0,3.0,1.0,2.0,2.0,1.0,1.0,1.0,2.0,1.0,4.0,1.2801009209868883,2.6929460580912865,241
pheasant,3.0,5.0,3.0,3.0,4.0,4.0,2.0,3.0,5.0,1.0,3.0,3.0,5.0,3.0,4.0,2.0,4.0,4.0,3.0,3.0,4.0,4.0,3.0,5.0,3.0,3.0,3.0,5.0,2.0,3.0,4.0,4.0,5.0,4.0,3.0,3.0,2.0,3.0,4.0,3.0,5.0,4.0,4.0,3.0,3.0,4.0,5.0,4.0,3.0,4.0,3.0,2.0,2.0,3.0,3.0,3.0,5.0,5.0,5.0,5.0,5.0,2.0,4.0,4.0,5.0,3.0,3.0,4.0,5.0,3.0,3.0,5.0,5.0,5.0,3.0,5.0,5.0,3.0,4.0,3.0,2.0,5.0,5.0,4.0,3.0,4.0,4.0,2.0,4.0,5.0,3.0,3.0,5.0,5.0,5.0,5.0,4.0,3.0,5.0,4.0,,5.0,4.0,5.0,5.0,5.0,3.0,5.0,2.0,2.0,3.0,5.0,3.0,5.0,4.0,4.0,1.0,3.0,5.0,4.0,3.0,3.0,4.0,5.0,5.0,3.0,3.0,5.0,5.0,5.0,5.0,5.0,2.0,5.0,5.0,5.0,5.0,5.0,3.0,5.0,5.0,4.0,3.0,5.0,5.0,5.0,3.0,2.0,4.0,4.0,3.0,3.0,4.0,4.0,3.0,3.0,3.0,5.0,5.0,3.0,3.0,4.0,2.0,1.0,4.0,4.0,5.0,2.0,4.0,2.0,4.0,4.0,3.0,5.0,4.0,4.0,4.0,2.0,5.0,4.0,3.0,4.0,3.0,4.0,5.0,2.0,3.0,5.0,3.0,4.0,5.0,3.0,5.0,3.0,3.0,4.0,2.0,4.0,3.0,2.0,3.0,3.0,3.0,5.0,3.0,3.0,3.0,5.0,3.0,3.0,3.0,5.0,4.0,5.0,4.0,3.0,3.0,4.0,3.0,4.0,5.0,5.0,5.0,4.0,4.0,3.0,3.0,5.0,4.0,4.0,5.0,4.0,4.0,3.0,5.0,3.0,2.0,4.0,3.0,3.0,4.0,3.0,1.019722523481886,3.7468879668049793,241
rhea,,2.0,,1.0,3.0,3.0,1.0,2.0,2.0,2.0,,4.0,5.0,2.0,,,1.0,3.0,,,3.0,,1.0,3.0,,1.0,1.0,1.0,,2.0,3.0,,,2.0,,,1.0,1.0,,,,3.0,3.0,2.0,,,,3.0,,1.0,,2.0,1.0,1.0,1.0,2.0,3.0,,4.0,,,5.0,3.0,2.0,,,2.0,,4.0,1.0,2.0,3.0,1.0,2.0,,2.0,2.0,2.0,,1.0,2.0,3.0,2.0,3.0,3.0,,,1.0,,5.0,1.0,,4.0,,3.0,4.0,,2.0,,2.0,1.0,,2.0,4.0,2.0,,2.0,2.0,1.0,1.0,1.0,5.0,2.0,,2.0,3.0,1.0,3.0,4.0,1.0,2.0,1.0,4.0,3.0,2.0,1.0,2.0,2.0,2.0,5.0,,1.0,2.0,,4.0,1.0,5.0,3.0,2.0,5.0,2.0,,,5.0,3.0,3.0,,2.0,,,1.0,,2.0,,2.0,1.0,1.0,2.0,1.0,1.0,1.0,,1.0,,1.0,3.0,5.0,5.0,,3.0,,1.0,1.0,5.0,,3.0,3.0,1.0,1.0,3.0,,2.0,,3.0,,,,,2.0,,,,1.0,1.0,3.0,3.0,,4.0,3.0,1.0,,,3.0,,3.0,,,1.0,,,4.0,2.0,1.0,3.0,,2.0,,4.0,5.0,3.0,5.0,5.0,5.0,,,1.0,,5.0,,2.0,2.0,4.0,2.0,,,2.0,,,,2.0,3.0,1.0,1.2643982087098509,2.39375,160
skimmer,1.0,3.0,,1.0,4.0,,1.0,,,,,,,2.0,,,2.0,,,,,,1.0,4.0,2.0,1.0,2.0,1.0,,2.0,,,,,,,3.0,,,,,3.0,,,,,2.0,,,1.0,,,1.0,1.0,,2.0,5.0,,,3.0,3.0,,2.0,,,,1.0,1.0,3.0,1.0,,2.0,2.0,,,3.0,,,,,,,3.0,,,,,,2.0,5.0,3.0,,,,2.0,,,,,3.0,,,,2.0,2.0,,,1.0,,,2.0,5.0,,,2.0,2.0,,1.0,5.0,1.0,,1.0,,,2.0,1.0,2.0,2.0,,,,1.0,2.0,,,1.0,5.0,,1.0,,1.0,,,5.0,2.0,3.0,,,,,1.0,,3.0,,,1.0,,3.0,1.0,1.0,1.0,,1.0,,,1.0,5.0,5.0,,2.0,,,1.0,,,,5.0,1.0,1.0,2.0,,2.0,,,,2.0,,,1.0,3.0,,1.0,1.0,1.0,4.0,5.0,,4.0,,,,,3.0,,5.0,,,1.0,,,3.0,4.0,3.0,2.0,,3.0,,1.0,2.0,3.0,5.0,,1.0,,,2.0,,5.0,,4.0,2.0,,3.0,,,,,,,1.0,,,1.3343713508773445,2.2962962962962963,108
skua,3.0,1.0,,1.0,5.0,,1.0,2.0,,,,1.0,,1.0,,,1.0,3.0,1.0,1.0,,,1.0,1.0,3.0,2.0,1.0,1.0,,3.0,1.0,,1.0,,,,1.0,4.0,,,,1.0,,4.0,,,,,,2.0,,,,1.0,,3.0,1.0,,,4.0,4.0,,5.0,,2.0,,1.0,,3.0,1.0,1.0,3.0,2.0,2.0,,1.0,,,,3.0,,,2.0,5.0,3.0,,,,1.0,5.0,2.0,,,,1.0,1.0,,,5.0,2.0,,,,3.0,1.0,,,1.0,1.0,2.0,,3.0,,,1.0,1.0,,3.0,2.0,1.0,,1.0,,1.0,1.0,1.0,,2.0,,1.0,,1.0,2.0,,5.0,1.0,5.0,,1.0,5.0,1.0,3.0,1.0,1.0,,1.0,1.0,,,,1.0,1.0,2.0,,1.0,1.0,,3.0,,1.0,1.0,5.0,1.0,,1.0,3.0,1.0,,,,,,1.0,1.0,,,5.0,1.0,2.0,1.0,,1.0,,,,,,,1.0,,,,5.0,1.0,,4.0,,2.0,1.0,,1.0,,3.0,1.0,5.0,1.0,,1.0,1.0,1.0,4.0,1.0,3.0,1.0,,4.0,,2.0,4.0,1.0,5.0,1.0,1.0,,1.0,1.0,,5.0,1.0,1.0,1.0,,,,,,,1.0,,,,1.0,1.3764584706788627,1.9703703703703703,135
sparrow,5.0,4.0,5.0,5.0,5.0,5.0,5.0,5.0,4.0,5.0,5.0,5.0,5.0,4.0,5.0,5.0,5.0,5.0,5.0,5.0,5.0,5.0,2.0,5.0,5.0,5.0,3.0,5.0,4.0,5.0,5.0,5.0,5.0,5.0,5.0,5.0,5.0,4.0,5.0,5.0,5.0,5.0,5.0,5.0,5.0,5.0,5.0,5.0,5.0,3.0,5.0,5.0,5.0,5.0,5.0,5.0,5.0,5.0,5.0,5.0,5.0,5.0,1.0,5.0,5.0,5.0,5.0,5.0,5.0,5.0,5.0,5.0,5.0,5.0,5.0,5.0,5.0,5.0,5.0,5.0,5.0,5.0,5.0,5.0,5.0,4.0,5.0,3.0,,5.0,4.0,5.0,5.0,5.0,5.0,5.0,5.0,5.0,5.0,5.0,5.0,3.0,5.0,5.0,5.0,5.0,5.0,4.0,3.0,5.0,5.0,5.0,5.0,5.0,5.0,4.0,5.0,3.0,5.0,5.0,5.0,4.0,5.0,5.0,5.0,5.0,5.0,5.0,5.0,5.0,5.0,5.0,5.0,5.0,5.0,5.0,5.0,5.0,5.0,5.0,4.0,5.0,4.0,5.0,5.0,5.0,4.0,5.0,5.0,5.0,5.0,5.0,5.0,5.0,5.0,3.0,5.0,5.0,5.0,5.0,5.0,5.0,5.0,1.0,4.0,5.0,5.0,1.0,5.0,5.0,5.0,5.0,3.0,5.0,5.0,5.0,5.0,5.0,5.0,4.0,5.0,5.0,5.0,5.0,5.0,4.0,5.0,5.0,5.0,5.0,5.0,5.0,5.0,5.0,5.0,5.0,5.0,5.0,5.0,5.0,5.0,5.0,5.0,5.0,1.0,5.0,5.0,5.0,5.0,3.0,4.0,5.0,5.0,5.0,5.0,5.0,5.0,4.0,1.0,5.0,5.0,5.0,5.0,4.0,5.0,5.0,5.0,5.0,5.0,5.0,5.0,5.0,5.0,5.0,5.0,5.0,5.0,5.0,5.0,5.0,5.0,5.0,0.7333207593540394,4.75103734439834,241
swan,3.0,5.0,4.0,2.0,5.0,3.0,2.0,4.0,4.0,4.0,4.0,4.0,5.0,3.0,4.0,3.0,4.0,5.0,3.0,5.0,3.0,4.0,3.0,5.0,4.0,3.0,3.0,5.0,3.0,3.0,4.0,5.0,5.0,5.0,3.0,5.0,2.0,3.0,5.0,4.0,3.0,4.0,4.0,4.0,3.0,5.0,4.0,4.0,5.0,4.0,3.0,4.0,3.0,4.0,4.0,3.0,5.0,4.0,3.0,5.0,5.0,2.0,1.0,4.0,4.0,4.0,4.0,5.0,5.0,5.0,5.0,5.0,5.0,5.0,5.0,5.0,5.0,3.0,4.0,4.0,5.0,5.0,5.0,5.0,3.0,4.0,4.0,2.0,5.0,5.0,5.0,3.0,5.0,5.0,5.0,5.0,4.0,4.0,5.0,4.0,3.0,3.0,4.0,5.0,5.0,4.0,2.0,5.0,4.0,4.0,5.0,5.0,4.0,5.0,5.0,4.0,3.0,3.0,5.0,3.0,4.0,4.0,5.0,4.0,5.0,3.0,4.0,4.0,5.0,5.0,5.0,5.0,3.0,5.0,5.0,5.0,5.0,5.0,3.0,5.0,4.0,4.0,3.0,5.0,5.0,4.0,4.0,3.0,4.0,5.0,4.0,4.0,4.0,4.0,4.0,3.0,4.0,5.0,5.0,4.0,5.0,4.0,3.0,1.0,4.0,5.0,5.0,2.0,4.0,4.0,5.0,2.0,5.0,5.0,4.0,3.0,5.0,3.0,5.0,4.0,2.0,5.0,4.0,5.0,5.0,2.0,5.0,4.0,5.0,4.0,5.0,4.0,5.0,4.0,3.0,5.0,3.0,5.0,4.0,2.0,3.0,5.0,4.0,2.0,3.0,4.0,5.0,5.0,4.0,1.0,4.0,5.0,5.0,5.0,5.0,3.0,3.0,4.0,2.0,4.0,5.0,5.0,5.0,3.0,4.0,4.0,4.0,5.0,3.0,4.0,3.0,5.0,4.0,4.0,5.0,4.0,2.0,5.0,4.0,5.0,4.0,3.0,0.9647342912254298,4.053719008264463,242
vulture,3.0,5.0,5.0,2.0,5.0,5.0,2.0,2.0,4.0,4.0,4.0,4.0,5.0,2.0,5.0,4.0,1.0,5.0,4.0,5.0,5.0,2.0,3.0,5.0,4.0,3.0,2.0,5.0,1.0,3.0,5.0,3.0,2.0,5.0,3.0,5.0,1.0,4.0,5.0,4.0,2.0,4.0,5.0,3.0,5.0,4.0,3.0,5.0,4.0,4.0,2.0,3.0,2.0,3.0,4.0,3.0,5.0,5.0,5.0,4.0,4.0,4.0,3.0,4.0,3.0,3.0,4.0,4.0,3.0,5.0,5.0,5.0,5.0,4.0,3.0,5.0,5.0,5.0,4.0,2.0,4.0,5.0,3.0,5.0,3.0,4.0,4.0,3.0,4.0,5.0,,1.0,4.0,5.0,3.0,4.0,4.0,2.0,4.0,2.0,5.0,5.0,3.0,5.0,4.0,3.0,4.0,4.0,3.0,2.0,3.0,5.0,3.0,5.0,5.0,2.0,1.0,3.0,5.0,3.0,3.0,1.0,4.0,4.0,4.0,4.0,4.0,4.0,4.0,5.0,4.0,2.0,3.0,5.0,5.0,2.0,5.0,5.0,4.0,5.0,5.0,4.0,3.0,5.0,5.0,4.0,1.0,3.0,5.0,4.0,4.0,4.0,2.0,4.0,3.0,2.0,2.0,4.0,1.0,2.0,1.0,5.0,3.0,3.0,5.0,4.0,5.0,2.0,4.0,5.0,4.0,3.0,2.0,5.0,5.0,5.0,5.0,2.0,5.0,4.0,3.0,5.0,3.0,4.0,5.0,4.0,4.0,2.0,3.0,5.0,5.0,4.0,5.0,2.0,5.0,3.0,5.0,5.0,4.0,4.0,4.0,5.0,4.0,5.0,1.0,4.0,5.0,1.0,3.0,3.0,4.0,5.0,5.0,5.0,3.0,3.0,2.0,4.0,2.0,3.0,5.0,5.0,5.0,2.0,5.0,3.0,4.0,5.0,3.0,3.0,5.0,5.0,4.0,3.0,4.0,5.0,2.0,3.0,4.0,3.0,5.0,2.0,1.1849826816202726,3.7344398340248963,241
wren,,1.0,,2.0,5.0,,1.0,,3.0,,,3.0,,3.0,5.0,,4.0,3.0,2.0,,,1.0,1.0,3.0,2.0,,1.0,3.0,,2.0,5.0,3.0,,,,4.0,5.0,,3.0,1.0,,4.0,5.0,,,,,5.0,,3.0,,,1.0,3.0,2.0,2.0,5.0,,,5.0,5.0,1.0,2.0,,,,1.0,,3.0,1.0,,2.0,1.0,3.0,,3.0,,,,5.0,,,5.0,5.0,5.0,,5.0,,3.0,5.0,3.0,,2.0,5.0,5.0,,5.0,1.0,5.0,3.0,4.0,,,3.0,4.0,,5.0,3.0,4.0,3.0,2.0,5.0,,,2.0,2.0,1.0,3.0,5.0,3.0,,2.0,,,2.0,2.0,3.0,5.0,5.0,,2.0,2.0,2.0,5.0,,2.0,5.0,5.0,1.0,5.0,1.0,,,5.0,,5.0,2.0,,,4.0,2.0,3.0,5.0,4.0,2.0,2.0,,4.0,4.0,1.0,3.0,5.0,2.0,,4.0,1.0,5.0,5.0,2.0,4.0,3.0,4.0,1.0,,,3.0,5.0,1.0,1.0,4.0,4.0,2.0,3.0,,5.0,4.0,,,2.0,,,,5.0,1.0,4.0,5.0,5.0,5.0,,,3.0,5.0,4.0,,5.0,5.0,2.0,5.0,4.0,3.0,4.0,5.0,4.0,5.0,,4.0,,3.0,1.0,5.0,5.0,,5.0,,5.0,5.0,,5.0,,4.0,4.0,,5.0,5.0,5.0,,,,5.0,3.0,4.0,2.0,1.4505664403272018,3.392638036809816,163
